exchange,product,effective_trade_date,session,reason
CFFEX,IC,2015-04-16,day-0915-1515,上市
CFFEX,IC,2016-01-04,day-0930-1500,调整交易时间
CFFEX,IF,2010-04-16,day-0915-1515,上市
CFFEX,IF,2016-01-04,day-0930-1500,调整交易时间
CFFEX,IH,2015-04-16,day-0915-1515,上市
CFFEX,IH,2016-01-04,day-0930-1500,调整交易时间
CFFEX,IM,2022-07-22,day-0930-1500,上市
CFFEX,T,2015-03-20,day-0915-1515,上市
CFFEX,T,2020-07-20,day-0930-1515,调整交易时间
CFFEX,TF,2012-06-11,day-0915-1515,上市
CFFEX,TF,2020-07-20,day-0930-1515,调整交易时间
CFFEX,TL,2023-04-21,day-0930-1515,上市
CFFEX,TS,2018-08-17,day-0915-1515,上市
CFFEX,TS,2020-07-20,day-0930-1515,调整交易时间
GFEX,LC,2023-07-21,day-0900-1500,上市
GFEX,PD,2025-11-27,day-0900-1500,上市
GFEX,PS,2024-12-26,day-0900-1500,上市
GFEX,PT,2025-11-27,day-0900-1500,上市
GFEX,SI,2022-12-22,day-0900-1500,上市
DCE,A,2008-07-15,day-0900-1500,上市
DCE,A,2014-12-29,night-2100-0230,开通夜盘
DCE,A,2015-05-11,night-2100-2330,夜盘缩短
DCE,A,2019-04-01,night-2100-2300,夜盘缩短
DCE,A,2020-02-04,day-0900-1500,COVID19暂停夜盘
DCE,A,2020-05-07,night-2100-2300,恢复夜盘
DCE,B,2009-01-19,day-0900-1500,上市
DCE,B,2014-12-29,night-2100-0230,开通夜盘
DCE,B,2015-05-11,night-2100-2330,夜盘缩短
DCE,B,2019-04-01,night-2100-2300,夜盘缩短
DCE,B,2020-02-04,day-0900-1500,COVID19暂停夜盘
DCE,B,2020-05-07,night-2100-2300,恢复夜盘
DCE,BB,2013-12-06,day-0900-1500,上市
DCE,BZ,2025-07-08,night-2100-2300,上市
DCE,C,2009-01-19,day-0900-1500,上市
DCE,C,2019-04-01,night-2100-2300,开通夜盘
DCE,C,2020-02-04,day-0900-1500,COVID19暂停夜盘
DCE,C,2020-05-07,night-2100-2300,恢复夜盘
DCE,CS,2014-12-19,day-0900-1500,上市
DCE,CS,2019-04-01,night-2100-2300,开通夜盘
DCE,CS,2020-02-04,day-0900-1500,COVID19暂停夜盘
DCE,CS,2020-05-07,night-2100-2300,恢复夜盘
DCE,EB,2019-09-26,night-2100-2300,上市
DCE,EB,2020-02-04,day-0900-1500,COVID19暂停夜盘
DCE,EB,2020-05-07,night-2100-2300,恢复夜盘
DCE,EG,2018-12-10,day-0900-1500,上市
DCE,EG,2019-04-01,night-2100-2300,开通夜盘
DCE,EG,2020-02-04,day-0900-1500,COVID19暂停夜盘
DCE,EG,2020-05-07,night-2100-2300,恢复夜盘
DCE,FB,2013-12-06,day-0900-1500,上市
DCE,I,2013-10-18,day-0900-1500,上市
DCE,I,2014-12-29,night-2100-0230,开通夜盘
DCE,I,2015-05-11,night-2100-2330,夜盘缩短
DCE,I,2019-04-01,night-2100-2300,夜盘缩短
DCE,I,2020-02-04,day-0900-1500,COVID19暂停夜盘
DCE,I,2020-05-07,night-2100-2300,恢复夜盘
DCE,J,2011-04-15,day-0900-1500,上市
DCE,J,2014-07-07,night-2100-0230,开通夜盘
DCE,J,2015-05-11,night-2100-2330,夜盘缩短
DCE,J,2019-04-01,night-2100-2300,夜盘缩短
DCE,J,2020-02-04,day-0900-1500,COVID19暂停夜盘
DCE,J,2020-05-07,night-2100-2300,恢复夜盘
DCE,JD,2013-11-08,day-0900-1500,上市
DCE,JM,2013-03-22,day-0900-1500,上市
DCE,JM,2014-12-29,night-2100-0230,开通夜盘
DCE,JM,2015-05-11,night-2100-2330,夜盘缩短
DCE,JM,2019-04-01,night-2100-2300,夜盘缩短
DCE,JM,2020-02-04,day-0900-1500,COVID19暂停夜盘
DCE,JM,2020-05-07,night-2100-2300,恢复夜盘
DCE,L,2009-01-19,day-0900-1500,上市
DCE,L,2019-04-01,night-2100-2300,开通夜盘
DCE,L,2020-02-04,day-0900-1500,COVID19暂停夜盘
DCE,L,2020-05-07,night-2100-2300,恢复夜盘
DCE,LG,2024-11-18,day-0900-1500,上市
DCE,LH,2021-01-08,day-0900-1500,上市
DCE,M,2009-01-19,day-0900-1500,上市
DCE,M,2014-12-29,night-2100-0230,开通夜盘
DCE,M,2015-05-11,night-2100-2330,夜盘缩短
DCE,M,2019-04-01,night-2100-2300,夜盘缩短
DCE,M,2020-02-04,day-0900-1500,COVID19暂停夜盘
DCE,M,2020-05-07,night-2100-2300,恢复夜盘
DCE,P,2009-01-19,day-0900-1500,上市
DCE,P,2014-07-07,night-2100-0230,开通夜盘
DCE,P,2015-05-11,night-2100-2330,夜盘缩短
DCE,P,2019-04-01,night-2100-2300,夜盘缩短
DCE,P,2020-02-04,day-0900-1500,COVID19暂停夜盘
DCE,P,2020-05-07,night-2100-2300,恢复夜盘
DCE,PG,2020-03-30,day-0900-1500,上市
DCE,PG,2020-05-07,night-2100-2300,开通夜盘
DCE,PP,2014-02-28,day-0900-1500,上市
DCE,PP,2019-04-01,night-2100-2300,开通夜盘
DCE,PP,2020-02-04,day-0900-1500,COVID19暂停夜盘
DCE,PP,2020-05-07,night-2100-2300,恢复夜盘
DCE,RR,2019-08-16,night-2100-2300,上市
DCE,RR,2020-02-04,day-0900-1500,COVID19暂停夜盘
DCE,RR,2020-05-07,night-2100-2300,恢复夜盘
DCE,V,2009-05-25,day-0900-1500,上市
DCE,V,2019-04-01,night-2100-2300,开通夜盘
DCE,V,2020-02-04,day-0900-1500,COVID19暂停夜盘
DCE,V,2020-05-07,night-2100-2300,恢复夜盘
DCE,Y,2009-01-19,day-0900-1500,上市
DCE,Y,2014-12-29,night-2100-0230,开通夜盘
DCE,Y,2015-05-11,night-2100-2330,夜盘缩短
DCE,Y,2019-04-01,night-2100-2300,夜盘缩短
DCE,Y,2020-02-04,day-0900-1500,COVID19暂停夜盘
DCE,Y,2020-05-07,night-2100-2300,恢复夜盘
INE,BC,2020-11-19,night-2100-0100,上市
INE,EC,2023-08-18,day-0900-1500,上市
INE,LU,2020-06-22,night-2100-2300,上市
INE,NR,2019-08-12,night-2100-2300,上市
INE,NR,2020-02-04,day-0900-1500,COVID19暂停夜盘
INE,NR,2020-05-07,night-2100-2300,恢复夜盘
INE,SC,2018-03-26,night-2100-0230,上市
INE,SC,2020-02-04,day-0900-1500,COVID19暂停夜盘
INE,SC,2020-05-07,night-2100-0230,恢复夜盘
SHFE,AD,2025-06-10,night-2100-0100,上市
SHFE,AG,2012-05-10,day-0900-1500,上市
SHFE,AG,2013-07-08,night-2100-0230,开通夜盘
SHFE,AG,2020-02-04,day-0900-1500,COVID19暂停夜盘
SHFE,AG,2020-05-07,night-2100-0230,恢复夜盘
SHFE,AL,2009-01-16,day-0900-1500,上市
SHFE,AL,2013-12-23,night-2100-0100,开通夜盘
SHFE,AL,2020-02-04,day-0900-1500,COVID19暂停夜盘
SHFE,AL,2020-05-07,night-2100-0100,恢复夜盘
SHFE,AO,2023-06-19,night-2100-0100,上市
SHFE,AU,2009-01-16,day-0900-1500,上市
SHFE,AU,2013-07-08,night-2100-0230,开通夜盘
SHFE,AU,2020-02-04,day-0900-1500,COVID19暂停夜盘
SHFE,AU,2020-05-07,night-2100-0230,恢复夜盘
SHFE,BR,2023-07-28,night-2100-2300,上市
SHFE,BU,2013-10-09,day-0900-1500,上市
SHFE,BU,2014-12-29,night-2100-0100,开通夜盘
SHFE,BU,2016-05-04,night-2100-2300,夜盘缩短
SHFE,BU,2020-02-04,day-0900-1500,COVID19暂停夜盘
SHFE,BU,2020-05-07,night-2100-2300,恢复夜盘
SHFE,CU,2009-01-16,day-0900-1500,上市
SHFE,CU,2013-12-23,night-2100-0100,开通夜盘
SHFE,CU,2020-02-04,day-0900-1500,COVID19暂停夜盘
SHFE,CU,2020-05-07,night-2100-0100,恢复夜盘
SHFE,FU,2009-03-02,day-0900-1500,上市
SHFE,FU,2018-07-17,night-2100-2300,开通夜盘
SHFE,FU,2020-02-04,day-0900-1500,COVID19暂停夜盘
SHFE,FU,2020-05-07,night-2100-2300,恢复夜盘
SHFE,HC,2014-03-21,day-0900-1500,上市
SHFE,HC,2014-12-29,night-2100-0100,开通夜盘
SHFE,HC,2016-05-04,night-2100-2300,夜盘缩短
SHFE,HC,2020-02-04,day-0900-1500,COVID19暂停夜盘
SHFE,HC,2020-05-07,night-2100-2300,恢复夜盘
SHFE,NI,2015-03-27,night-2100-0100,上市
SHFE,NI,2020-02-04,day-0900-1500,COVID19暂停夜盘
SHFE,NI,2020-05-07,night-2100-0100,恢复夜盘
SHFE,OP,2025-09-10,night-2100-2300,上市
SHFE,PB,2011-03-24,day-0900-1500,上市
SHFE,PB,2013-12-23,night-2100-0100,开通夜盘
SHFE,PB,2020-02-04,day-0900-1500,COVID19暂停夜盘
SHFE,PB,2020-05-07,night-2100-0100,恢复夜盘
SHFE,RB,2009-03-27,day-0900-1500,上市
SHFE,RB,2014-12-29,night-2100-0100,开通夜盘
SHFE,RB,2016-05-04,night-2100-2300,夜盘缩短
SHFE,RB,2020-02-04,day-0900-1500,COVID19暂停夜盘
SHFE,RB,2020-05-07,night-2100-2300,恢复夜盘
SHFE,RU,2009-01-16,day-0900-1500,上市
SHFE,RU,2014-12-29,night-2100-2300,开通夜盘
SHFE,RU,2020-02-04,day-0900-1500,COVID19暂停夜盘
SHFE,RU,2020-05-07,night-2100-2300,恢复夜盘
SHFE,SN,2015-03-27,night-2100-0100,上市
SHFE,SN,2020-02-04,day-0900-1500,COVID19暂停夜盘
SHFE,SN,2020-05-07,night-2100-0100,恢复夜盘
SHFE,SP,2018-11-27,night-2100-2300,上市
SHFE,SP,2020-02-04,day-0900-1500,COVID19暂停夜盘
SHFE,SP,2020-05-07,night-2100-2300,恢复夜盘
SHFE,SS,2019-09-25,night-2100-0100,上市
SHFE,SS,2020-02-04,day-0900-1500,COVID19暂停夜盘
SHFE,SS,2020-05-07,night-2100-0100,恢复夜盘
SHFE,WR,2009-03-27,day-0900-1500,上市
SHFE,ZN,2009-01-16,day-0900-1500,上市
SHFE,ZN,2013-12-23,night-2100-0100,开通夜盘
SHFE,ZN,2020-02-04,day-0900-1500,COVID19暂停夜盘
SHFE,ZN,2020-05-07,night-2100-0100,恢复夜盘
CZCE,AP,2017-12-22,day-0900-1500,上市
CZCE,CF,2009-01-19,day-0900-1500,上市
CZCE,CF,2014-12-15,night-2100-2330,开通夜盘
CZCE,CF,2019-12-12,night-2100-2300,夜盘缩短
CZCE,CF,2020-02-04,day-0900-1500,COVID19暂停夜盘
CZCE,CF,2020-05-07,night-2100-2300,恢复夜盘
CZCE,CJ,2019-04-30,day-0900-1500,上市
CZCE,CY,2017-08-18,night-2100-2330,上市
CZCE,CY,2019-12-12,night-2100-2300,夜盘缩短
CZCE,CY,2020-02-04,day-0900-1500,COVID19暂停夜盘
CZCE,CY,2020-05-07,night-2100-2300,恢复夜盘
CZCE,ER,2009-04-20,day-0900-1500,上市
CZCE,FG,2012-12-03,day-0900-1500,上市
CZCE,FG,2015-06-12,night-2100-2330,开通夜盘
CZCE,FG,2019-12-12,night-2100-2300,夜盘缩短
CZCE,FG,2020-02-04,day-0900-1500,COVID19暂停夜盘
CZCE,FG,2020-05-07,night-2100-2300,恢复夜盘
CZCE,GN,2009-01-16,day-0900-1500,上市
CZCE,JR,2013-11-18,day-0900-1500,上市
CZCE,LR,2014-07-08,day-0900-1500,上市
CZCE,MA,2014-06-17,day-0900-1500,上市
CZCE,MA,2014-12-15,night-2100-2330,开通夜盘
CZCE,MA,2019-12-12,night-2100-2300,夜盘缩短
CZCE,MA,2020-02-04,day-0900-1500,COVID19暂停夜盘
CZCE,MA,2020-05-07,night-2100-2300,恢复夜盘
CZCE,ME,2011-10-28,day-0900-1500,上市
CZCE,ME,2014-12-15,night-2100-2330,开通夜盘
CZCE,OI,2012-07-16,day-0900-1500,上市
CZCE,OI,2015-06-12,night-2100-2330,开通夜盘
CZCE,OI,2019-12-12,night-2100-2300,夜盘缩短
CZCE,OI,2020-02-04,day-0900-1500,COVID19暂停夜盘
CZCE,OI,2020-05-07,night-2100-2300,恢复夜盘
CZCE,PF,2020-10-12,night-2100-2300,上市
CZCE,PK,2021-02-01,day-0900-1500,上市
CZCE,PL,2025-07-22,night-2100-2300,上市
CZCE,PM,2012-01-17,day-0900-1500,上市
CZCE,PR,2024-08-30,night-2100-2300,上市
CZCE,PX,2023-09-15,night-2100-2300,上市
CZCE,RI,2012-07-24,day-0900-1500,上市
CZCE,RM,2012-12-28,day-0900-1500,上市
CZCE,RM,2014-12-15,night-2100-2330,开通夜盘
CZCE,RM,2019-12-12,night-2100-2300,夜盘缩短
CZCE,RM,2020-02-04,day-0900-1500,COVID19暂停夜盘
CZCE,RM,2020-05-07,night-2100-2300,恢复夜盘
CZCE,RO,2009-01-19,day-0900-1500,上市
CZCE,RS,2012-12-28,day-0900-1500,上市
CZCE,SA,2019-12-06,night-2100-2330,上市
CZCE,SA,2019-12-11,night-2100-2300,夜盘缩短
CZCE,SA,2020-02-04,day-0900-1500,COVID19暂停夜盘
CZCE,SA,2020-05-07,night-2100-2300,恢复夜盘
CZCE,SF,2014-08-08,day-0900-1500,上市
CZCE,SH,2023-09-15,night-2100-2300,上市
CZCE,SM,2014-08-08,day-0900-1500,上市
CZCE,SR,2008-07-15,day-0900-1500,上市
CZCE,SR,2014-12-15,night-2100-2330,开通夜盘
CZCE,SR,2019-12-12,night-2100-2300,夜盘缩短
CZCE,SR,2020-02-04,day-0900-1500,COVID19暂停夜盘
CZCE,SR,2020-05-07,night-2100-2300,恢复夜盘
CZCE,TA,2009-01-19,day-0900-1500,上市
CZCE,TA,2014-12-15,night-2100-2330,开通夜盘
CZCE,TA,2019-12-12,night-2100-2300,夜盘缩短
CZCE,TA,2020-02-04,day-0900-1500,COVID19暂停夜盘
CZCE,TA,2020-05-07,night-2100-2300,恢复夜盘
CZCE,TC,2013-09-26,day-0900-1500,上市
CZCE,TC,2015-06-12,night-2100-2330,开通夜盘
CZCE,UR,2019-08-09,day-0900-1500,上市
CZCE,WH,2012-07-24,day-0900-1500,上市
CZCE,WS,2008-07-24,day-0900-1500,上市
CZCE,WT,2009-01-16,day-0900-1500,上市
CZCE,ZC,2015-05-18,night-2100-2330,上市
CZCE,ZC,2019-12-12,night-2100-2300,夜盘缩短
CZCE,ZC,2020-02-04,day-0900-1500,COVID19暂停夜盘
CZCE,ZC,2020-05-07,night-2100-2300,恢复夜盘
